sample_index,true_test,pred_test
0,1.3494954,2.5613
1,2.0761468,2.5732768
2,1.3494954,2.6552715
3,1.7647249,2.799603
4,1.7647249,2.9248433
5,1.1418808,3.010128
6,0.93426603,3.0222497
7,1.5417728,3.0347435
8,0.6167091,2.9751005
9,1.5417728,2.9282706
10,2.6724062,2.8631778
11,1.3362031,2.9102056
12,1.3362031,2.9703941
13,2.2612667,3.0485551
14,2.5696213,3.1130357
15,2.775191,3.2010574
16,5.344812,3.2441876
17,2.5696213,3.1861453
18,2.0556972,3.0703585
