sample_index,true_test,pred_test
0,1.3494954,0.9129259
1,2.0761468,1.35108
2,1.3494954,1.2010852
3,1.7647249,0.3061787
4,1.7647249,-0.52055216
5,1.1418808,-1.4223647
6,0.93426603,-2.2610426
7,1.5417728,-2.8479888
8,0.6167091,-3.190118
9,1.5417728,-3.2890847
10,2.6724062,-3.3736339
11,1.3362031,-3.5576465
12,1.3362031,-3.5511396
13,2.2612667,-3.4862316
14,2.5696213,-3.4005044
15,2.775191,-3.2928512
16,5.344812,-3.1147885
17,2.5696213,-2.9618819
18,2.0556972,-3.045936
