sample_index,true_test,pred_test
0,7.6731553,8.819512
1,7.4441066,7.3765917
2,8.703877,5.029192
3,10.879848,6.981779
4,7.3807526,4.943316
5,5.450402,5.1398897
6,6.0181518,4.560984
7,5.904602,5.1963887
8,5.1097517,5.6611195
9,6.6994524,6.118272
10,8.970453,7.005598
11,12.376954,8.124008
12,15.329255,8.225417
13,16.918957,9.153567
14,16.237656,7.445676
15,15.783455,8.127221
