true_test,pred_test
1.3494954,1.4244504
2.0761468,1.1058704
1.3494954,0.8789284
1.7647249,0.9065187
1.7647249,0.9411094
1.1418808,1.0007762
0.93426603,1.310027
1.5417728,1.5837976
0.6167091,1.8717347
1.5417728,1.9897215
2.6724062,2.099156
1.3362031,2.1351342
1.3362031,2.2763839
2.2612667,2.4700286
2.5696213,2.9302733
2.775191,3.3546078
5.344812,3.7970202
2.5696213,3.6875436
2.0556972,2.859124
