true_test,pred_test
1.3494954,0.66524166
2.0761468,0.30789584
1.3494954,0.057951596
1.7647249,0.17266804
1.7647249,0.35796574
1.1418808,0.63542706
0.93426603,1.1194141
1.5417728,2.0455422
0.6167091,1.7937597
1.5417728,1.7134612
2.6724062,1.4123065
1.3362031,1.6286697
1.3362031,1.7608435
2.2612667,2.0105805
2.5696213,2.2005987
2.775191,2.5900464
5.344812,3.0288208
2.5696213,3.1374109
2.0556972,2.301755
