true_test,pred_test
12.13962,16.48943
6.756958,16.998354
6.756958,13.769675
7.9022055,13.1902685
6.5279083,15.916401
6.642433,16.797373
8.818402,18.206772
7.6731553,18.866018
7.444106,17.237808
8.703878,12.602452
10.879848,9.458908
7.380753,7.0833077
5.450402,12.867544
6.018152,13.461837
5.904602,15.222821
5.1097517,16.963749
6.6994524,16.645994
8.970453,17.02522
12.376955,16.362612
15.329256,17.670084
16.918957,17.662365
16.237656,19.696531
15.783456,15.647173
