true_test,pred_test
1.3494954,0.8610072
2.0761468,0.47507226
1.3494954,0.3460184
1.7647249,0.6057605
1.7647249,0.9265359
1.1418808,1.2772949
0.93426603,1.8575925
1.5417728,2.2518473
0.6167091,1.9994663
1.5417728,1.885114
2.6724062,1.3668478
1.3362031,1.4360067
1.3362031,1.587651
2.2612667,1.6555176
2.5696213,2.1930082
2.775191,2.5578098
5.344812,3.124284
2.5696213,2.9051106
2.0556972,2.5230029
