sample_index,true_test,pred_test
0,1.7647249,1.034018
1,1.7647249,0.8669187
2,1.1418808,0.6390942
3,0.93426603,0.43133932
4,1.5417728,0.27204344
5,0.6167091,0.19227186
6,1.5417728,0.16810831
7,2.6724062,0.1461041
8,1.3362031,0.15765718
9,1.3362031,0.19899313
10,2.2612667,0.25431186
11,2.5696213,0.2807551
12,2.775191,0.33186185
13,5.344812,0.36946565
14,2.5696213,0.35119852
15,2.0556972,0.3108901
