sample_index,true_test,pred_test
0,1.7647249,0.6332056
1,1.7647249,0.5547157
2,1.1418808,0.5056031
3,0.93426603,0.4842919
4,1.5417728,0.39044076
5,0.6167091,0.3764738
6,1.5417728,0.33649066
7,2.6724062,0.3638731
8,1.3362031,0.33657432
9,1.3362031,0.39806083
10,2.2612667,0.4304384
11,2.5696213,0.5223535
12,2.775191,0.5679051
13,5.344812,0.57245326
14,2.5696213,0.5237798
15,2.0556972,0.5421924
