true_test,pred_test
1.7647249,1.76903
1.7647249,1.8852233
1.1418808,1.8075671
0.93426603,1.890771
1.5417728,2.1974669
0.6167091,1.4967774
1.5417728,1.2695563
2.6724062,1.2201629
1.3362031,1.5829026
1.3362031,1.9050564
2.2612667,1.9058148
2.5696213,2.6982787
2.775191,2.7012188
5.344812,2.8291175
2.5696213,2.6302614
2.0556972,1.7197282
