sample_index,true_test,pred_test
0,1.2456882,1.7229681
1,1.3494954,1.6785173
2,2.0761468,1.6807487
3,1.3494954,1.857772
4,1.7647249,2.0431824
5,1.7647249,2.219339
6,1.1418808,2.473745
7,0.93426603,2.9363844
8,1.5417728,2.582154
9,0.6167091,2.2651618
10,1.5417728,1.9917804
11,2.6724062,1.9946153
12,1.3362031,2.1297314
13,1.3362031,2.3465853
14,2.2612667,2.7169771
15,2.5696213,3.3363848
16,2.775191,3.9617975
17,5.344812,3.9920075
18,2.5696213,3.0688953
19,2.0556972,3.1930037
