true_test,pred_test
1.7647249,1.6536407
1.7647249,1.5585228
1.1418808,1.4184304
0.93426603,1.3959048
1.5417728,1.5624988
0.6167091,1.5030835
1.5417728,1.5430017
2.6724062,1.5826602
1.3362031,1.5865905
1.3362031,1.7162699
2.2612667,1.8770665
2.5696213,2.2097743
2.775191,2.3116891
5.344812,2.1312413
2.5696213,2.061164
2.0556972,1.4677627
