true_test,pred_test
1.3494954,1.077995
2.0761468,0.93649316
1.3494954,0.9622073
1.7647249,1.2997854
1.7647249,1.3155187
1.1418808,1.2703056
0.93426603,1.356451
1.5417728,1.8025222
0.6167091,1.7518587
1.5417728,1.4865772
2.6724062,1.3763719
1.3362031,1.9827706
1.3362031,2.774284
2.2612667,3.7629323
2.5696213,4.733547
2.775191,6.7054324
5.344812,8.368715
2.5696213,8.9750805
2.0556972,3.5491176
