true_test,pred_test
1.3494954,0.5928295
2.0761468,0.33550563
1.3494954,0.251603
1.7647249,0.46951264
1.7647249,0.7524206
1.1418808,1.1491364
0.93426603,1.6647928
1.5417728,2.337729
0.6167091,1.4831527
1.5417728,1.1604656
2.6724062,0.66406995
1.3362031,0.68947124
1.3362031,0.9890976
2.2612667,1.3137509
2.5696213,1.9901454
2.775191,2.157055
5.344812,2.1800737
2.5696213,2.0500398
2.0556972,1.3289862
