true_test,pred_test
14.201064,16.640245
12.13962,11.010136
6.756958,11.950148
6.756958,16.738232
7.9022055,15.030631
6.5279083,19.043653
6.642433,21.00569
8.818402,20.098097
7.6731553,19.357542
7.444106,20.772877
8.703878,17.238735
10.879848,17.64527
7.380753,17.86548
5.450402,13.882564
6.018152,16.113905
5.904602,13.702085
5.1097517,18.528883
6.6994524,21.340956
8.970453,23.348608
12.376955,24.000723
15.329256,26.353765
16.918957,28.02462
16.237656,29.454027
15.783456,29.270872
