sample_index,true_test,pred_test
0,1.3494954,1.5061927
1,2.0761468,1.4766611
2,1.3494954,1.4600568
3,1.7647249,1.5383062
4,1.7647249,1.6459714
5,1.1418808,1.7861656
6,0.93426603,2.0392303
7,1.5417728,2.4828694
8,0.6167091,2.1267838
9,1.5417728,1.9084601
10,2.6724062,1.7202438
11,1.3362031,1.7311784
12,1.3362031,1.9777583
13,2.2612667,2.2540684
14,2.5696213,2.4347942
15,2.775191,2.9793198
16,5.344812,3.4606946
17,2.5696213,3.548202
18,2.0556972,2.7008321
