true_test,pred_test
1.7647249,1.3896949
1.7647249,1.2547556
1.1418808,1.1959865
0.93426603,1.194641
1.5417728,1.3779815
0.6167091,1.2610964
1.5417728,1.2617805
2.6724062,1.434837
1.3362031,1.6434935
1.3362031,1.6548712
2.2612667,1.3836569
2.5696213,2.504362
2.775191,2.2824254
5.344812,2.0301864
2.5696213,1.8681365
2.0556972,1.3447326
