true_test,pred_test
7.4441066,18.050585
8.703877,17.431547
10.879848,28.00387
7.3807526,14.923529
5.450402,11.661349
6.0181518,12.875818
5.904602,8.494581
5.1097517,9.400949
6.6994524,9.573967
8.970453,10.777131
12.376954,11.691464
15.329255,13.216558
16.918957,16.062943
16.237656,19.64218
15.783455,18.657486
