true_test,pred_test
6.5279083,12.401444
6.642433,14.089767
8.818402,15.212867
7.6731553,13.806129
7.4441066,11.628093
8.703877,8.7355
10.879848,10.929066
7.3807526,8.153816
5.450402,10.497184
6.0181518,9.282388
5.904602,14.15745
5.1097517,16.584328
6.6994524,20.109413
8.970453,20.61443
12.376954,21.331453
15.329255,19.108055
16.918957,24.177366
16.237656,18.833586
15.783455,20.382893
