true_test,pred_test
7.4441066,5.0476155
8.703877,0.8046583
10.879848,5.159222
7.3807526,1.6465396
5.450402,0.7012258
6.0181518,4.3186765
5.904602,7.8238516
5.1097517,9.912959
6.6994524,8.643532
8.970453,8.416039
12.376954,6.864862
15.329255,7.57604
16.918957,9.312126
16.237656,12.241237
15.783455,8.185374
