sample_index,true_test,pred_test
0,1.7647249,1.9217328
1,1.7647249,1.6710132
2,1.1418808,1.3976011
3,0.93426603,1.1168247
4,1.5417728,0.8563121
5,0.6167091,0.5206379
6,1.5417728,0.402297
7,2.6724062,0.2747363
8,1.3362031,0.25913292
9,1.3362031,0.39003518
10,2.2612667,0.6843015
11,2.5696213,0.898863
12,2.775191,1.1280572
13,5.344812,1.2805859
14,2.5696213,1.4228265
15,2.0556972,1.2791283
