sample_index,true_test,pred_test
0,0.80901194,0.8555503
1,0.8542006,0.89306736
2,1.1236777,0.9889451
3,0.8542006,1.0516899
4,1.0169411,1.07832
5,1.0169411,1.07236
6,0.7616843,1.0690897
7,0.65972793,1.0089271
8,0.93286175,1.0095028
9,0.48039266,1.0018743
10,0.93286175,0.97017473
11,1.3008472,0.99080646
12,0.84852695,1.0174291
13,0.84852695,1.0487325
14,1.1821157,1.0905702
15,1.2724595,1.1097957
16,1.328451,1.1022309
17,1.8476375,1.0641359
18,1.2724595,1.0863473
19,1.1170077,1.0387417
