sample_index,true_test,pred_test
0,1.2456882,0.36951193
1,1.3494954,0.5785322
2,2.0761468,0.8027085
3,1.3494954,1.1277617
4,1.7647249,0.92780286
5,1.7647249,0.7692834
6,1.1418808,0.9378873
7,0.93426603,0.9545191
8,1.5417728,0.20430651
9,0.6167091,0.0030139326
10,1.5417728,-0.12648499
11,2.6724062,-0.25457475
12,1.3362031,-0.102783784
13,1.3362031,0.060705636
14,2.2612667,0.55816674
15,2.5696213,1.1468649
16,2.775191,1.8868465
17,5.344812,2.0320551
18,2.5696213,1.7775054
19,2.0556972,1.9851905
