sample_index,true_test,pred_test
0,1.3494954,2.4454997
1,2.0761468,2.38425
2,1.3494954,2.3661513
3,1.7647249,2.39779
4,1.7647249,2.458114
5,1.1418808,2.412951
6,0.93426603,2.3227034
7,1.5417728,2.187041
8,0.6167091,2.210889
9,1.5417728,2.3110073
10,2.6724062,2.4733217
11,1.3362031,2.5397613
12,1.3362031,2.551366
13,2.2612667,2.630975
14,2.5696213,2.7081254
15,2.775191,2.732462
16,5.344812,2.6739097
17,2.5696213,2.5694106
18,2.0556972,2.3805056
