sample_index,true_test,pred_test
0,2.1602325,2.3343391
1,2.1334689,2.3712115
2,2.2725258,2.2408767
3,2.4748433,2.0816493
4,2.1259377,2.0450084
5,1.8641424,2.020196
6,1.9484999,2.0469615
7,1.9321882,2.1846855
8,1.8098862,2.3108613
9,2.0411491,2.3696868
10,2.299626,2.4794557
11,2.5935333,2.5778015
12,2.7929583,2.6914723
13,2.885859,2.7473552
14,2.8470962,2.7643187
15,2.8203936,2.7120068
