sample_index,true_test,pred_test
0,1.3494954,0.621273
1,2.0761468,0.41287923
2,1.3494954,0.37614122
3,1.7647249,0.05585164
4,1.7647249,0.006828807
5,1.1418808,-0.013666441
6,0.93426603,0.18215197
7,1.5417728,-0.139765
8,0.6167091,0.17146358
9,1.5417728,0.05451537
10,2.6724062,0.3869236
11,1.3362031,0.26964843
12,1.3362031,0.12778349
13,2.2612667,0.06086545
14,2.5696213,-0.06043774
15,2.775191,-0.047498193
16,5.344812,-0.020725554
17,2.5696213,0.22710611
18,2.0556972,0.27118802
