true_test,pred_test
1.3494954,1.279646
2.0761468,1.0307653
1.3494954,0.96697676
1.7647249,1.1077638
1.7647249,1.3499526
1.1418808,1.5349501
0.93426603,1.8061823
1.5417728,2.0003133
0.6167091,1.6859957
1.5417728,1.5927156
2.6724062,1.3454846
1.3362031,1.3638068
1.3362031,1.6950622
2.2612667,2.0581267
2.5696213,2.8329482
2.775191,3.5319507
5.344812,3.6715975
2.5696213,3.2622151
2.0556972,2.4090934
