sample_index,true_test,pred_test
0,1.2456882,2.518247
1,1.3494954,2.4772778
2,2.0761468,2.4596925
3,1.3494954,2.457359
4,1.7647249,2.4321306
5,1.7647249,2.4172342
6,1.1418808,2.393599
7,0.93426603,2.3324916
8,1.5417728,2.287717
9,0.6167091,2.2170432
10,1.5417728,2.2141469
11,2.6724062,2.2361712
12,1.3362031,2.2613575
13,1.3362031,2.2903328
14,2.2612667,2.3317602
15,2.5696213,2.3823073
16,2.775191,2.3910751
17,5.344812,2.3811672
18,2.5696213,2.372176
19,2.0556972,2.3542757
