true_test,pred_test
6.5279083,18.762318
6.642433,18.768686
8.818402,18.785824
7.6731553,18.797842
7.444106,18.8033
8.703878,18.767735
10.879848,18.731142
7.380753,18.70386
5.450402,18.63622
6.018152,18.65781
5.904602,18.713762
5.1097517,18.72514
6.6994524,18.760048
8.970453,18.754988
12.376955,18.746788
15.329256,18.754091
16.918957,18.780859
16.237656,18.746878
15.783456,18.79012
