sample_index,true_test,pred_test
0,1.3494954,0.9750408
1,2.0761468,0.19108349
2,1.3494954,-0.5197441
3,1.7647249,-0.5323989
4,1.7647249,-0.05615583
5,1.1418808,0.15259379
6,0.93426603,-0.15957059
7,1.5417728,0.04625102
8,0.6167091,-0.1852415
9,1.5417728,-0.33132842
10,2.6724062,-0.10464679
11,1.3362031,0.75130826
12,1.3362031,0.45857033
13,2.2612667,0.13173258
14,2.5696213,-0.1467549
15,2.775191,-0.22360055
16,5.344812,0.3319684
17,2.5696213,0.44745412
18,2.0556972,1.0381596
