sample_index,true_test,pred_test
0,1.7647249,2.499553
1,1.7647249,2.6018462
2,1.1418808,2.4960866
3,0.93426603,2.1758952
4,1.5417728,1.9002519
5,0.6167091,1.9174997
6,1.5417728,1.9864146
7,2.6724062,2.1582787
8,1.3362031,2.1485534
9,1.3362031,2.0312777
10,2.2612667,1.7893525
11,2.5696213,1.9324062
12,2.775191,1.6499865
13,5.344812,1.5036309
14,2.5696213,1.3046248
15,2.0556972,1.2539997
