sample_index,true_test,pred_test
0,7.6731553,8.592135
1,7.444106,9.0671835
2,8.703878,8.855751
3,10.879848,6.5545874
4,7.3807526,6.458727
5,5.450402,7.3745313
6,6.018152,7.0588818
7,5.904602,6.74322
8,5.1097517,6.8889985
9,6.6994524,6.6667566
10,8.970453,8.587935
11,12.376955,8.590293
12,15.329255,8.434435
13,16.918957,7.79473
14,16.237656,12.03027
15,15.783455,7.042708
