sample_index,true_test,pred_test
0,1.3494954,1.5050378
1,2.0761468,1.4324224
2,1.3494954,1.3650331
3,1.7647249,1.4152857
4,1.7647249,1.5231912
5,1.1418808,1.690052
6,0.93426603,2.0710993
7,1.5417728,2.9658694
8,0.6167091,2.5544033
9,1.5417728,2.31461
10,2.6724062,2.0944567
11,1.3362031,2.0896251
12,1.3362031,2.3567474
13,2.2612667,2.6630852
14,2.5696213,2.6896498
15,2.775191,3.4117725
16,5.344812,4.248808
17,2.5696213,4.4377227
18,2.0556972,3.0131528
