sample_index,true_test,pred_test
0,1.2456882,2.1678004
1,1.3494954,1.9025798
2,2.0761468,1.7143277
3,1.3494954,1.5995286
4,1.7647249,1.5976771
5,1.7647249,1.6077425
6,1.1418808,1.7013963
7,0.93426603,1.7562443
8,1.5417728,1.7304637
9,0.6167091,1.6916143
10,1.5417728,1.6096152
11,2.6724062,1.6090194
12,1.3362031,1.5869434
13,1.3362031,1.5779059
14,2.2612667,1.5605131
15,2.5696213,1.6113124
16,2.775191,1.682707
17,5.344812,1.7228284
18,2.5696213,1.7463053
19,2.0556972,1.8186321
