true_test,pred_test
7.4441066,14.488681
8.703877,12.690722
10.879848,12.993993
7.3807526,12.0846195
5.450402,14.435223
6.0181518,13.6071005
5.904602,13.702393
5.1097517,15.847031
6.6994524,16.155499
8.970453,18.05136
12.376954,18.839615
15.329255,19.711054
16.918957,19.026009
16.237656,21.041237
15.783455,17.05174
