sample_index,true_test,pred_test
0,7.4441066,9.80258
1,8.703877,6.833979
2,10.879848,3.3124447
3,7.3807526,4.416371
4,5.450402,1.6916764
5,6.0181518,3.1695035
6,5.904602,2.7808897
7,5.1097517,3.2842145
8,6.6994524,3.6672637
9,8.970453,4.3388605
10,12.376954,5.143056
11,15.329255,7.602156
12,16.918957,7.530261
13,16.237656,7.693848
14,15.783455,6.1940928
