true_test,pred_test
7.6731553,12.704109
7.4441066,9.826953
8.703877,6.258887
10.879848,13.236025
7.3807526,10.518543
5.450402,10.869961
6.0181518,9.674835
5.904602,9.844536
5.1097517,14.780743
6.6994524,14.667049
8.970453,15.398798
12.376954,17.280441
15.329255,17.210415
16.918957,23.028591
16.237656,15.806353
15.783455,26.23211
