sample_index,true_test,pred_test
0,1.2456882,0.95947576
1,1.3494954,0.946555
2,2.0761468,0.82835174
3,1.3494954,0.68589085
4,1.7647249,0.679511
5,1.7647249,0.77596533
6,1.1418808,0.943388
7,0.93426603,0.9210973
8,1.5417728,0.8640693
9,0.6167091,1.0366045
10,1.5417728,0.9818337
11,2.6724062,0.92153925
12,1.3362031,0.7396776
13,1.3362031,0.6947996
14,2.2612667,0.83330876
15,2.5696213,0.97790724
16,2.775191,1.1935123
17,5.344812,1.3973303
18,2.5696213,1.3122685
19,2.0556972,1.2992427
