sample_index,true_test,pred_test
0,1.7647249,2.9796393
1,1.7647249,2.9987035
2,1.1418808,2.9897864
3,0.93426603,2.9338734
4,1.5417728,2.8844092
5,0.6167091,2.8405266
6,1.5417728,2.7886913
7,2.6724062,2.7551613
8,1.3362031,2.7367437
9,1.3362031,2.7385626
10,2.2612667,2.7925591
11,2.5696213,2.8764267
12,2.775191,2.9855134
13,5.344812,3.0388737
14,2.5696213,3.0565755
15,2.0556972,3.0417757
