sample_index,true_test,pred_test
0,1.7647249,2.4563348
1,1.7647249,2.5016878
2,1.1418808,2.5623612
3,0.93426603,2.593945
4,1.5417728,2.6069405
5,0.6167091,2.6134832
6,1.5417728,2.6076045
7,2.6724062,2.59578
8,1.3362031,2.6188986
9,1.3362031,2.6731656
10,2.2612667,2.6981041
11,2.5696213,2.7556264
12,2.775191,2.7443566
13,5.344812,2.7092323
14,2.5696213,2.6214204
15,2.0556972,2.5298574
