sample_index,true_test,pred_test
0,1.7647249,0.9803753
1,1.7647249,0.95898914
2,1.1418808,0.9526146
3,0.93426603,1.0543951
4,1.5417728,1.2004921
5,0.6167091,1.133893
6,1.5417728,1.1381539
7,2.6724062,1.1039509
8,1.3362031,1.1404636
9,1.3362031,1.1731365
10,2.2612667,1.2268965
11,2.5696213,1.2569313
12,2.775191,1.3156259
13,5.344812,1.3385599
14,2.5696213,1.3337698
15,2.0556972,1.1659169
