true_test,pred_test
7.9022055,12.152712
6.5279083,12.399523
6.642433,12.90762
8.818402,13.375815
7.6731553,13.555014
7.444106,12.827703
8.703878,12.171756
10.879848,13.035359
7.380753,12.828032
5.450402,12.406572
6.018152,12.007251
5.904602,12.471243
5.1097517,12.956753
6.6994524,13.679514
8.970453,14.706114
12.376955,16.097965
15.329256,16.424091
16.918957,17.771431
16.237656,15.04452
15.783456,14.9843235
