sample_index,true_test,pred_test
0,1.3494954,3.4277325
1,2.0761468,3.4305313
2,1.3494954,3.4645536
3,1.7647249,3.3947878
4,1.7647249,3.2316358
5,1.1418808,3.1398573
6,0.93426603,3.0097094
7,1.5417728,2.8503098
8,0.6167091,2.783966
9,1.5417728,3.1414576
10,2.6724062,3.274572
11,1.3362031,3.4270835
12,1.3362031,3.4653847
13,2.2612667,3.413775
14,2.5696213,3.2437787
15,2.775191,3.2152152
16,5.344812,2.9780622
17,2.5696213,3.1598997
18,2.0556972,3.0666065
