sample_index,true_test,pred_test
0,1.7647249,1.2642593
1,1.7647249,1.1516542
2,1.1418808,1.0316881
3,0.93426603,0.9329161
4,1.5417728,0.89203477
5,0.6167091,0.6617731
6,1.5417728,0.6152376
7,2.6724062,0.5453428
8,1.3362031,0.5906507
9,1.3362031,0.77055115
10,2.2612667,1.0530875
11,2.5696213,1.23224
12,2.775191,1.4898144
13,5.344812,1.64716
14,2.5696213,1.650943
15,2.0556972,1.4144799
