true_test,pred_test
7.6731553,11.952527
7.4441066,10.28433
8.703877,6.7424874
10.879848,7.2612605
7.3807526,5.589863
5.450402,5.1614766
6.0181518,4.642258
5.904602,4.743943
5.1097517,5.160453
6.6994524,5.5894732
8.970453,6.0987797
12.376954,6.8313136
15.329255,7.064155
16.918957,7.875188
16.237656,7.838197
15.783455,8.476111
