true_test,pred_test
1.3494954,1.0151614
2.0761468,0.8828269
1.3494954,0.81769735
1.7647249,0.92805415
1.7647249,1.0186523
1.1418808,1.1541989
0.93426603,1.4121494
1.5417728,1.7606633
0.6167091,1.5415895
1.5417728,1.4591318
2.6724062,1.2529075
1.3362031,1.4256887
1.3362031,1.53995
2.2612667,1.6782638
2.5696213,1.9343525
2.775191,2.4997344
5.344812,3.169217
2.5696213,3.2475224
2.0556972,1.9208503
