true_test,pred_test
7.6731553,15.030437
7.4441066,12.542896
8.703877,7.6812234
10.879848,12.974287
7.3807526,9.927049
5.450402,13.163648
6.0181518,10.216036
5.904602,10.54935
5.1097517,12.546087
6.6994524,14.378298
8.970453,17.648916
12.376954,23.117384
15.329255,22.277477
16.918957,28.276787
16.237656,18.163351
15.783455,25.883944
