true_test,pred_test
7.4441066,6.6913486
8.703877,9.782361
10.879848,10.5850725
7.3807526,13.662735
5.450402,11.738771
6.0181518,18.161083
5.904602,16.135044
5.1097517,20.212015
6.6994524,18.431696
8.970453,20.62825
12.376954,18.493185
15.329255,20.387905
16.918957,22.280867
16.237656,25.387054
15.783455,18.750195
