sample_index,true_test,pred_test
0,1.3494954,0.9157965
1,2.0761468,0.9285674
2,1.3494954,0.95552635
3,1.7647249,0.92005384
4,1.7647249,0.8619957
5,1.1418808,0.73562926
6,0.93426603,0.6883317
7,1.5417728,0.6709496
8,0.6167091,0.39815143
9,1.5417728,0.34508047
10,2.6724062,0.29943475
11,1.3362031,0.26965898
12,1.3362031,0.3879952
13,2.2612667,0.5440839
14,2.5696213,0.6679113
15,2.775191,0.9259092
16,5.344812,1.1128651
17,2.5696213,1.1634053
18,2.0556972,0.8613317
