true_test,pred_test
7.902205,12.534588
6.527909,13.507409
6.6424336,10.906267
8.818403,11.88246
7.6731553,9.688848
7.4441066,16.411144
8.703878,18.9377
10.879848,15.733994
7.380753,19.370281
5.450402,20.829912
6.018152,22.404587
5.904602,22.979673
5.1097517,32.078033
6.6994524,26.07654
8.970453,36.41789
12.376953,14.379605
15.329256,27.363987
16.918955,31.211632
16.237656,33.29109
15.783456,45.910183
