sample_index,true_test,pred_test
0,1.3494954,2.3639467
1,2.0761468,2.463338
2,1.3494954,2.5322416
3,1.7647249,2.5673373
4,1.7647249,2.644219
5,1.1418808,2.80939
6,0.93426603,3.0873506
7,1.5417728,4.0519958
8,0.6167091,3.407728
9,1.5417728,3.2571418
10,2.6724062,2.9308414
11,1.3362031,3.00717
12,1.3362031,3.3345912
13,2.2612667,3.6574488
14,2.5696213,3.9688153
15,2.775191,4.4595757
16,5.344812,4.9064293
17,2.5696213,4.62498
18,2.0556972,3.8128493
