sample_index,true_test,pred_test
0,1.7647249,2.001782
1,1.7647249,1.9564966
2,1.1418808,1.8397081
3,0.93426603,1.6506443
4,1.5417728,1.5226247
5,0.6167091,1.3853629
6,1.5417728,1.4196984
7,2.6724062,1.4335967
8,1.3362031,1.5277
9,1.3362031,1.5797143
10,2.2612667,1.621787
11,2.5696213,2.0216014
12,2.775191,1.9984194
13,5.344812,1.9152076
14,2.5696213,1.7504814
15,2.0556972,1.4592792
