true_test,pred_test
7.6731553,12.85777
7.4441066,14.29505
8.703877,10.832668
10.879848,13.227781
7.3807526,10.171335
5.450402,13.166108
6.0181518,10.841026
5.904602,16.157095
5.1097517,20.60662
6.6994524,21.073006
8.970453,20.290464
12.376954,20.035467
15.329255,17.946045
16.918957,23.638927
16.237656,18.974842
15.783455,23.847649
