true_test,pred_test
1.7647249,1.428204
1.7647249,1.5096827
1.1418808,2.3894622
0.93426603,2.210668
1.5417728,1.6584743
0.6167091,1.8336164
1.5417728,1.6375065
2.6724062,1.3561963
1.3362031,1.6318737
1.3362031,2.0046356
2.2612667,2.550351
2.5696213,2.8606627
2.775191,2.1022987
5.344812,2.115112
2.5696213,3.0435705
2.0556972,2.8172307
