sample_index,true_test,pred_test
0,1.7647249,0.6610669
1,1.7647249,0.5808668
2,1.1418808,0.50612956
3,0.93426603,0.42934504
4,1.5417728,0.35927632
5,0.6167091,0.32909167
6,1.5417728,0.3116488
7,2.6724062,0.35245988
8,1.3362031,0.3524249
9,1.3362031,0.39470592
10,2.2612667,0.46517912
11,2.5696213,0.5717876
12,2.775191,0.730539
13,5.344812,0.7323873
14,2.5696213,0.6626745
15,2.0556972,0.7088337
