true_test,pred_test
1.3494954,1.0199647
2.0761468,0.71332866
1.3494954,0.63424385
1.7647249,0.94931096
1.7647249,1.2679831
1.1418808,1.5681776
0.93426603,1.8560337
1.5417728,2.0210986
0.6167091,1.658803
1.5417728,1.5986507
2.6724062,1.1376674
1.3362031,1.3105316
1.3362031,1.6027758
2.2612667,1.9325604
2.5696213,2.4787235
2.775191,2.6274908
5.344812,2.3796363
2.5696213,2.2035294
2.0556972,2.1667464
