true_test,pred_test
7.6731553,8.686096
7.4441066,4.9435306
8.703877,2.812526
10.879848,11.298769
7.3807526,7.8793836
5.450402,9.477143
6.0181518,6.7186403
5.904602,11.556323
5.1097517,19.49967
6.6994524,19.312275
8.970453,19.396502
12.376954,19.24182
15.329255,16.495344
16.918957,18.194029
16.237656,13.192055
15.783455,23.28487
