sample_index,true_test,pred_test
0,1.7647249,1.0540116
1,1.7647249,1.0347775
2,1.1418808,1.0498677
3,0.93426603,1.1045471
4,1.5417728,1.1343395
5,0.6167091,1.0054923
6,1.5417728,1.0490379
7,2.6724062,1.092142
8,1.3362031,1.1033362
9,1.3362031,1.1262887
10,2.2612667,1.1883436
11,2.5696213,1.2060868
12,2.775191,1.443187
13,5.344812,1.634152
14,2.5696213,1.7194681
15,2.0556972,1.5408667
