sample_index,true_test,pred_test
0,1.3494954,2.3261652
1,2.0761468,2.2836688
2,1.3494954,2.2894833
3,1.7647249,2.248281
4,1.7647249,2.2510884
5,1.1418808,2.2395585
6,0.93426603,2.1958146
7,1.5417728,2.1431706
8,0.6167091,2.1383457
9,1.5417728,2.1540418
10,2.6724062,2.1918488
11,1.3362031,2.175662
12,1.3362031,2.2786987
13,2.2612667,2.3016007
14,2.5696213,2.3711812
15,2.775191,2.3563316
16,5.344812,2.3270626
17,2.5696213,2.234888
18,2.0556972,2.1567516
