sample_index,true_test,pred_test
0,1.7647249,1.2243086
1,1.7647249,1.1503116
2,1.1418808,1.0016588
3,0.93426603,0.86217535
4,1.5417728,0.80333513
5,0.6167091,0.61144996
6,1.5417728,0.5769809
7,2.6724062,0.51317054
8,1.3362031,0.5699495
9,1.3362031,0.748685
10,2.2612667,0.98455215
11,2.5696213,1.1329492
12,2.775191,1.409355
13,5.344812,1.5832288
14,2.5696213,1.5643058
15,2.0556972,1.2604501
