sample_index,true_test,pred_test
0,1.7647249,0.9768261
1,1.7647249,0.9925502
2,1.1418808,1.0186042
3,0.93426603,1.0129305
4,1.5417728,0.9709011
5,0.6167091,0.8197292
6,1.5417728,0.73581904
7,2.6724062,0.6164389
8,1.3362031,0.53535306
9,1.3362031,0.52391726
10,2.2612667,0.56518203
11,2.5696213,0.665964
12,2.775191,0.80720913
13,5.344812,1.0407997
14,2.5696213,1.1352485
15,2.0556972,1.1161538
