sample_index,true_test,pred_test
0,1.7647249,2.0525746
1,1.7647249,2.053928
2,1.1418808,1.9812217
3,0.93426603,2.0372386
4,1.5417728,2.208687
5,0.6167091,2.024973
6,1.5417728,1.9151349
7,2.6724062,1.9338943
8,1.3362031,2.0696597
9,1.3362031,2.3045819
10,2.2612667,2.4876633
11,2.5696213,2.8137755
12,2.775191,2.929973
13,5.344812,2.4618835
14,2.5696213,2.1245582
15,2.0556972,2.28035
