sample_index,true_test,pred_test
0,1.3494954,4.3383846
1,2.0761468,4.271254
2,1.3494954,4.5490336
3,1.7647249,4.565085
4,1.7647249,4.7027087
5,1.1418808,4.55019
6,0.93426603,4.2431116
7,1.5417728,4.0599174
8,0.6167091,3.9906921
9,1.5417728,3.9662385
10,2.6724062,4.0670567
11,1.3362031,4.0805893
12,1.3362031,4.218868
13,2.2612667,4.1902137
14,2.5696213,4.1486816
15,2.775191,4.031308
16,5.344812,4.176931
17,2.5696213,4.163568
18,2.0556972,4.220666
