true_test,pred_test
1.3494954,1.3539674
2.0761468,1.2488784
1.3494954,1.3305695
1.7647249,1.4779172
1.7647249,1.608863
1.1418808,1.6211648
0.93426603,1.7839109
1.5417728,1.9985924
0.6167091,1.8777497
1.5417728,1.9226788
2.6724062,1.768176
1.3362031,1.737904
1.3362031,2.0610228
2.2612667,2.29703
2.5696213,2.606445
2.775191,2.9742002
5.344812,3.202222
2.5696213,3.030146
2.0556972,2.4667509
