sample_index,true_test,pred_test
0,1.7647249,2.0670688
1,1.7647249,2.0164342
2,1.1418808,1.9648403
3,0.93426603,1.8799067
4,1.5417728,1.8444856
5,0.6167091,1.7996385
6,1.5417728,1.821377
7,2.6724062,1.884147
8,1.3362031,1.8812834
9,1.3362031,1.9489124
10,2.2612667,1.9836385
11,2.5696213,2.014158
12,2.775191,1.9915187
13,5.344812,1.9779713
14,2.5696213,1.9353038
15,2.0556972,1.86973
