sample_index,true_test,pred_test
0,7.902205,13.587598
1,6.5279083,11.968717
2,6.642433,10.212716
3,8.818402,8.683843
4,7.6731553,8.587066
5,7.4441066,9.200386
6,8.703877,8.447578
7,10.879848,8.694337
8,7.3807526,8.084573
9,5.450402,8.006882
10,6.0181518,8.199924
11,5.904602,8.268709
12,5.1097517,8.495616
13,6.6994524,8.862406
14,8.970453,9.333049
15,12.376954,10.213329
16,15.329255,10.889164
17,16.918957,11.739795
18,16.237656,11.664896
19,15.783455,10.917973
