feature,window_size,rmse
AQI_PM10,5,2.3170721530914307
AQI_PM25,7,2.245814561843872
Avg_Monthly_DSCI,9,0.5965151190757751
EARTHQUAKE_Total,1,2.2753028869628906
FIRE_Acres_Burned,12,1.879722237586975
PESTICIDE_Total,6,2.3048439025878906
PRECIP,11,1.1465692520141602
RODENTICIDE_Total,1,2.218538999557495
WIND_AvgMPH,6,1.9918543100357056
WIND_EventCount,5,2.3730947971343994
WIND_RunMiles,4,2.0823724269866943
