sample_index,true_test,pred_test
0,0.8542006,0.9446242
1,1.1236777,0.92958564
2,0.8542006,0.9217689
3,1.0169411,0.93233097
4,1.0169411,0.95162463
5,0.7616843,0.97991264
6,0.65972793,1.0418785
7,0.93286175,1.1516088
8,0.48039266,1.0914801
9,0.93286175,1.0569842
10,1.3008472,1.0428754
11,0.84852695,1.0587592
12,0.84852695,1.1231134
13,1.1821157,1.1825604
14,1.2724595,1.2116108
15,1.328451,1.3094802
16,1.8476375,1.4006683
17,1.2724595,1.3982817
18,1.1170077,1.2177
