true_test,pred_test
1.3494954,1.6096904
2.0761468,1.5261751
1.3494954,1.5062913
1.7647249,1.6864505
1.7647249,1.9468935
1.1418808,2.1544476
0.93426603,2.4850318
1.5417728,3.0632994
0.6167091,2.4543762
1.5417728,2.2748992
2.6724062,1.9243748
1.3362031,1.9365752
1.3362031,2.2208486
2.2612667,2.290723
2.5696213,3.1167803
2.775191,3.2224104
5.344812,3.1512566
2.5696213,3.06357
2.0556972,2.363082
