true_test,pred_test
6.5279083,13.369178
6.642433,14.52829
8.818402,16.775663
7.6731553,15.592285
7.4441066,13.315378
8.703877,11.85776
10.879848,11.001527
7.3807526,8.957144
5.450402,12.179952
6.0181518,11.009129
5.904602,17.42959
5.1097517,22.74246
6.6994524,19.333616
8.970453,22.911009
12.376954,29.282331
15.329255,31.869135
16.918957,35.553986
16.237656,27.537268
15.783455,33.94766
