sample_index,true_test,pred_test
0,1.7647249,1.7380948
1,1.7647249,1.6658812
2,1.1418808,1.5115945
3,0.93426603,1.5286984
4,1.5417728,1.4909031
5,0.6167091,1.2814516
6,1.5417728,1.2702637
7,2.6724062,1.2973738
8,1.3362031,1.4903848
9,1.3362031,1.7518837
10,2.2612667,2.004137
11,2.5696213,2.0629306
12,2.775191,2.4352214
13,5.344812,2.5447073
14,2.5696213,2.7612503
15,2.0556972,2.6821187
