sample_index,true_test,pred_test
0,0.8542006,1.116552
1,1.1236777,1.1405282
2,0.8542006,1.1698263
3,1.0169411,1.1996046
4,1.0169411,1.2299918
5,0.7616843,1.2602898
6,0.65972793,1.2882999
7,0.93286175,1.3938341
8,0.48039266,1.2938788
9,0.93286175,1.2540412
10,1.3008472,1.2130469
11,0.84852695,1.2282852
12,0.84852695,1.2777674
13,1.1821157,1.340882
14,1.2724595,1.4190211
15,1.328451,1.5074174
16,1.8476375,1.5782977
17,1.2724595,1.5363013
18,1.1170077,1.4130789
